shape,sample,arm,elapsed_s,batches,tombstones,overlaps,point_sets,flushes,memtable_count,memtable_bytes,maxrss_kib,read_ops_s,read_p99_us,read_p999_us,read_completed,del_p99_us,del_p999_us,del_completed,point_p99_us,point_p999_us,point_completed
unique,1,master,10.014,18844,301504,29936,18844,0,7,33292288,1396448,1178.7,31113.215,44400.639,11803,20.703,380.415,18844,0.0,0.0,0
unique,1,p1,10.018,18980,303680,30154,18980,0,7,33292288,1399348,1366.7,27197.439,39780.351,13691,19.263,118.975,18980,0.0,0.0,0
unique,1,method1,10.0,19477,311632,30953,19477,0,7,33292288,1069032,3931.7,18.911,29.807,39318,130.111,237.055,19477,0.0,0.0,0
unique,1,method12,10.001,19863,317808,31596,19863,0,7,33292288,740212,3960.4,19.247,28.415,39607,100.415,167.807,19863,0.0,0.0,0
unique,2,master,10.027,19003,304048,30184,19003,0,7,33292288,1331828,1189.0,30670.847,49020.927,11922,18.543,79.935,19003,0.0,0.0,0
unique,2,p1,10.034,18476,295616,29342,18476,0,7,33292288,1546252,1360.2,26279.935,41648.127,13649,18.319,160.895,18476,0.0,0.0,0
unique,2,method1,10.001,19551,312816,31076,19551,0,7,33292288,1073852,3918.5,18.959,28.655,39189,138.367,257.663,19551,0.0,0.0,0
unique,2,method12,10.001,19763,316208,31439,19763,0,7,33292288,735340,3943.9,17.039,25.071,39441,99.903,143.999,19763,0.0,0.0,0
unique,3,master,10.029,18858,301728,29957,18858,0,7,33292288,1341644,1177.1,30605.311,44269.567,11805,19.263,66.559,18858,0.0,0.0,0
unique,3,p1,10.025,18132,290112,28771,18132,0,7,33292288,1549944,1368.7,25837.567,44367.871,13721,18.639,167.551,18132,0.0,0.0,0
unique,3,method1,10.001,19062,304992,30275,19062,0,7,33292288,1042316,3834.8,18.735,28.511,38351,130.431,206.975,19062,0.0,0.0,0
unique,3,method12,10.001,19797,316752,31491,19797,0,7,33292288,736828,3949.5,18.463,28.447,39498,96.895,163.199,19797,0.0,0.0,0
unique,4,master,10.041,18520,296320,29409,18520,0,7,33292288,1333316,1184.1,29786.111,44826.623,11889,19.455,94.335,18520,0.0,0.0,0
unique,4,p1,10.012,18880,302080,29994,18880,0,7,33292288,1421624,1362.8,26705.919,39616.511,13644,17.695,87.103,18880,0.0,0.0,0
unique,4,method1,10.0,19853,317648,31578,19853,0,7,33292288,1092124,3962.6,18.271,28.911,39627,136.063,230.143,19853,0.0,0.0,0
unique,4,method12,10.001,19729,315664,31381,19729,0,7,33292288,734156,3940.2,19.071,28.495,39405,103.935,184.063,19729,0.0,0.0,0
unique,5,master,10.006,18900,302400,30023,18900,0,7,33292288,1364352,1182.2,30605.311,44236.799,11829,19.999,87.103,18900,0.0,0.0,0
unique,5,p1,10.041,18946,303136,30095,18946,0,7,33292288,1402500,1360.8,27820.031,43843.583,13664,23.695,77.439,18946,0.0,0.0,0
unique,5,method1,10.001,19461,311376,30930,19461,0,7,33292288,1067452,3902.8,19.135,29.183,39032,130.623,229.503,19461,0.0,0.0,0
unique,5,method12,10.001,19834,317344,31539,19834,0,7,33292288,739476,3964.2,17.359,25.263,39645,100.671,175.615,19834,0.0,0.0,0
unique,6,master,10.027,18767,300272,29812,18767,0,7,33292288,1421580,1192.7,30375.935,43646.975,11960,18.799,88.639,18767,0.0,0.0,0
unique,6,p1,10.005,18887,302192,30000,18887,0,7,33292288,1458268,1350.3,26836.991,38895.615,13510,17.951,152.959,18887,0.0,0.0,0
unique,6,method1,10.001,18827,301232,29916,18827,0,7,33292288,1026600,3756.8,17.695,26.223,37571,134.911,1448.959,18827,0.0,0.0,0
unique,6,method12,10.0,19713,315408,31354,19713,0,7,33292288,734216,3951.4,18.319,28.463,39516,98.751,165.375,19713,0.0,0.0,0
unique,7,master,10.008,18935,302960,30079,18935,0,7,33292288,1446996,1188.7,30195.711,46465.023,11897,18.079,103.167,18935,0.0,0.0,0
unique,7,p1,10.039,18897,302352,30019,18897,0,7,33292288,1525264,1369.2,27099.135,42106.879,13746,17.055,40.351,18897,0.0,0.0,0
unique,7,method1,10.0,19409,310544,30844,19409,0,7,33292288,1064276,3906.5,19.103,29.455,39066,139.263,421.119,19409,0.0,0.0,0
unique,7,method12,10.0,19721,315536,31365,19721,0,7,33292288,734836,3956.0,18.063,25.743,39561,100.991,199.423,19721,0.0,0.0,0
unique,8,master,10.046,18859,301744,29961,18859,0,7,33292288,1333560,1190.7,31178.751,46006.271,11961,19.023,94.207,18859,0.0,0.0,0
unique,8,p1,10.01,18782,300512,29834,18782,0,7,33292288,1430388,1361.7,26869.759,38010.879,13631,18.543,70.591,18782,0.0,0.0,0
unique,8,method1,10.002,19362,309792,30755,19362,0,7,33292288,1060824,3890.4,18.799,28.399,38911,132.863,244.479,19362,0.0,0.0,0
unique,8,method12,10.001,19775,316400,31460,19775,0,7,33292288,736844,3963.7,18.351,26.927,39641,99.263,175.871,19775,0.0,0.0,0
unique,9,master,10.008,18145,290320,28792,18145,0,7,33292288,1459928,1195.8,30146.559,43778.047,11968,20.351,114.623,18145,0.0,0.0,0
unique,9,p1,10.036,18907,302512,30040,18907,0,7,33292288,1370036,1362.5,26492.927,40566.783,13674,20.271,83.711,18907,0.0,0.0,0
unique,9,method1,10.001,19483,311728,30968,19483,0,7,33292288,1068912,3922.9,18.623,27.743,39232,133.247,212.479,19483,0.0,0.0,0
unique,9,method12,10.0,19647,314352,31238,19647,0,7,33292288,731092,3902.8,18.495,28.095,39030,104.895,191.487,19647,0.0,0.0,0
unique,10,master,10.029,18865,301840,29972,18865,0,7,33292288,1370012,1193.7,30179.327,45350.911,11972,20.623,123.775,18865,0.0,0.0,0
unique,10,p1,10.058,18895,302320,30019,18895,0,7,33292288,1583240,1341.7,27721.727,56852.479,13495,19.103,202.751,18895,0.0,0.0,0
unique,10,method1,10.001,19686,314976,31317,19686,0,7,33292288,1081352,3907.4,18.623,27.071,39077,135.423,241.023,19686,0.0,0.0,0
unique,10,method12,10.0,19826,317216,31544,19826,0,7,33292288,738356,3960.2,18.703,27.631,39604,108.159,267.775,19826,0.0,0.0,0
cycle,1,master,10.0,4785,4785,0,4785,0,2,786432,1065552,3810.0,269.311,428.799,38102,2.581,6.883,4785,1.94,6.683,4785
cycle,1,p1,10.001,4787,4787,0,4787,0,2,786432,817288,3810.8,267.263,437.247,38112,2.591,7.503,4787,2.0,3.831,4787
cycle,1,method1,10.001,4736,4736,0,4735,0,2,786432,56852,3781.0,4.703,9.335,37813,11.247,23.375,4736,1.94,4.011,4735
cycle,1,method12,10.001,4710,4710,0,4709,0,2,786432,52572,3775.8,4.683,10.143,37762,9.831,16.311,4710,1.89,3.851,4709
cycle,2,master,10.001,4820,4820,0,4819,0,2,786432,1066272,3854.1,265.215,405.759,38546,2.441,7.323,4820,1.97,5.703,4819
cycle,2,p1,10.001,4774,4774,0,4773,0,2,786432,815364,3807.3,265.983,442.879,38077,2.571,3.851,4774,2.141,7.423,4773
cycle,2,method1,10.001,4663,4663,0,4663,0,2,786432,56408,3749.5,4.651,9.255,37498,10.295,20.815,4663,1.82,3.351,4663
cycle,2,method12,10.001,4763,4763,0,4763,0,2,786432,52696,3800.5,4.811,9.663,38009,9.887,29.599,4763,1.95,7.271,4763
cycle,3,master,10.001,4785,4785,0,4784,0,2,786432,1064584,3833.3,259.583,416.255,38335,2.651,6.883,4785,1.95,4.943,4784
cycle,3,p1,10.001,4802,4802,0,4801,0,2,786432,819128,3836.6,260.351,425.471,38369,2.551,6.123,4802,2.241,5.823,4801
cycle,3,method1,10.001,4751,4751,0,4751,0,2,786432,57108,3791.9,4.751,11.015,37921,11.135,31.391,4751,1.83,4.231,4751
cycle,3,method12,10.0,4749,4749,0,4749,0,2,786432,52760,3790.6,4.691,9.183,37907,9.895,21.711,4749,1.91,6.343,4749
cycle,4,master,10.0,4788,4788,0,4787,0,2,786432,1064620,3838.2,267.519,409.343,38383,2.651,6.663,4788,2.101,6.903,4787
cycle,4,p1,10.0,4709,4709,0,4708,0,2,786432,808464,3783.4,259.583,414.463,37835,2.671,7.171,4709,2.081,5.723,4708
cycle,4,method1,10.001,4656,4656,0,4656,0,2,786432,56788,3741.7,4.663,9.335,37421,11.751,30.095,4656,2.121,6.991,4656
cycle,4,method12,10.0,4701,4701,0,4701,0,2,786432,52376,3773.4,4.711,9.295,37736,9.527,24.767,4701,2.091,6.783,4701
cycle,5,master,10.001,4781,4781,0,4780,0,2,786432,1066356,3827.6,266.495,398.847,38281,2.441,3.761,4781,1.86,7.083,4780
cycle,5,p1,10.001,4781,4781,0,4781,0,2,786432,817012,3832.4,258.943,445.183,38327,2.651,6.771,4781,2.01,6.803,4781
cycle,5,method1,10.0,4738,4738,0,4737,0,2,786432,56788,3795.3,4.683,9.607,37954,12.671,25.391,4738,1.85,7.271,4737
cycle,5,method12,10.001,4776,4776,0,4776,0,2,786432,53012,3810.2,4.691,10.127,38105,9.167,18.159,4776,2.03,4.603,4776
cycle,6,master,10.0,4813,4813,0,4813,0,2,786432,1065404,3846.3,262.399,416.767,38464,2.521,6.591,4813,2.071,4.983,4813
cycle,6,p1,10.001,4819,4819,0,4819,0,2,786432,821100,3839.1,261.503,432.639,38394,2.531,4.783,4819,1.98,6.651,4819
cycle,6,method1,10.001,4717,4717,0,4716,0,2,786432,56536,3797.1,4.551,10.583,37973,11.247,27.551,4717,1.86,4.723,4716
cycle,6,method12,10.001,4712,4712,0,4712,0,2,786432,52824,3767.2,4.691,9.823,37675,11.175,27.375,4712,1.93,4.951,4712
cycle,7,master,10.001,4805,4805,0,4804,0,2,786432,1065168,3854.5,265.215,400.383,38549,2.711,6.831,4805,2.051,8.455,4804
cycle,7,p1,10.001,4754,4754,0,4753,0,2,786432,813556,3833.1,263.679,443.391,38335,2.371,6.331,4754,2.061,6.231,4753
cycle,7,method1,10.001,4761,4761,0,4761,0,2,786432,57108,3793.2,4.751,10.815,37936,11.815,26.735,4761,1.87,3.761,4761
cycle,7,method12,10.001,4744,4744,0,4744,0,2,786432,53148,3804.5,4.711,9.415,38048,10.423,24.511,4744,1.94,6.663,4744
cycle,8,master,10.0,4789,4789,0,4788,0,2,786432,1065008,3816.0,262.015,385.279,38162,2.441,5.011,4789,2.0,7.511,4788
cycle,8,p1,10.0,4737,4737,0,4737,0,2,786432,811484,3802.2,262.143,404.479,38023,2.461,3.931,4737,1.99,4.511,4737
cycle,8,method1,10.001,4739,4739,0,4738,0,2,786432,57104,3797.4,4.683,10.607,37977,11.063,28.143,4739,1.93,5.991,4738
cycle,8,method12,10.001,4657,4657,0,4656,0,2,786432,52060,3734.2,4.771,10.655,37344,10.127,21.471,4657,2.091,4.323,4656
cycle,9,master,10.0,4792,4792,0,4791,0,2,786432,1065448,3819.5,264.703,415.743,38197,2.531,7.083,4792,1.9,3.551,4791
cycle,9,p1,10.001,4785,4785,0,4784,0,2,786432,816976,3809.1,259.071,434.431,38095,2.361,4.343,4785,2.03,4.651,4784
cycle,9,method1,10.001,4681,4681,0,4680,0,2,786432,56724,3761.1,4.791,10.935,37614,11.807,29.375,4681,2.111,4.001,4680
cycle,9,method12,10.0,4754,4754,0,4753,0,2,786432,52824,3801.2,4.723,10.431,38013,9.655,21.839,4754,1.93,5.551,4753
cycle,10,master,10.0,4802,4802,0,4801,0,2,786432,1066256,3841.6,258.303,383.743,38417,2.421,6.843,4802,1.87,4.123,4801
cycle,10,p1,10.0,4828,4828,0,4828,0,2,786432,822572,3828.2,260.607,442.111,38284,2.671,7.451,4828,2.081,4.963,4828
cycle,10,method1,10.001,4722,4722,0,4722,0,2,786432,56760,3790.2,4.591,10.711,37905,11.271,33.663,4722,1.8,4.041,4722
cycle,10,method12,10.001,4732,4732,0,4732,0,2,786432,52628,3777.6,4.823,10.407,37778,10.015,33.599,4732,2.04,7.343,4732
