sample,arm,elapsed_s,batches,tombstones,point_sets,flushes,compactions,default_compactions,move_compactions,compaction_read_bytes,lsm_written_bytes,memtable_count,memtable_bytes,maxrss_kib,batches_s,read_ops_s,read_p50_us,read_p95_us,read_p99_us,read_p999_us,read_max_us,read_corrected_p99_us,read_completed,del_p50_us,del_p95_us,del_p99_us,del_p999_us,del_max_us,del_corrected_p99_us,del_completed,point_p50_us,point_p95_us,point_p99_us,point_p999_us,point_max_us,point_corrected_p99_us,point_completed
1,master,60.011,29861,477776,29860,6,13,5,5,10485760.0,38797312.0,1,16777216,1366176,497.5921081135125,1358.3,551.423,11984.895,19972.095,25460.735,48332.799,20447.231,81512,9.647,14.871,21.103,78.783,33423.359,23.055,29861,0.92,11.855,15.127,23.135,25526.271,15.447,29860
1,p1,60.01,29910,478560,29910,6,11,6,4,10485760.0,38797312.0,1,16777216,1482948,498.4169305115814,1534.0,259.455,10239.999,18726.911,24330.239,53379.071,19546.111,92053,9.447,14.943,23.151,70.015,45547.519,25.535,29910,0.9,11.303,14.791,23.919,31965.183,15.127,29910
1,method1,60.0,29951,479216,29950,6,11,6,4,10485760.0,38797312.0,1,16777216,1303052,499.18333333333334,3861.1,5.651,80.319,161.919,179.327,1154.047,161.919,231665,57.823,90.303,118.655,190.207,12042.239,120.063,29951,1.02,63.487,76.991,115.775,12083.199,77.503,29950
1,method12,60.001,29961,479376,29961,6,11,6,4,10485760.0,38797312.0,1,16777216,1122760,499.341677638706,3867.6,5.631,80.831,162.815,181.887,1034.239,162.815,232060,46.207,86.207,106.815,189.567,11821.055,108.927,29961,0.93,42.335,52.255,73.855,11902.975,52.799,29961
2,master,60.007,29880,478080,29878,6,10,7,3,13631488.0,38797312.0,1,16777216,1387896,497.9419067775426,1350.1,562.175,11943.935,20037.631,25214.975,49053.695,20250.623,81015,9.735,15.111,20.719,83.327,38830.079,23.103,29880,0.94,12.847,16.591,25.727,22478.847,16.783,29878
2,p1,60.019,29915,478640,29913,6,11,6,4,10485760.0,38797312.0,1,16777216,1389560,498.4254985921125,1566.6,155.775,10305.535,18284.543,22298.623,39813.119,18661.375,94027,9.327,14.031,20.863,79.295,31096.831,24.575,29915,0.88,9.975,13.095,18.191,14360.575,13.191,29913
2,method1,60.0,29945,479120,29943,6,14,6,5,10485760.0,38797312.0,1,16777216,1287208,499.0833333333333,3855.3,5.311,10.623,15.055,28.911,1370.111,15.055,231319,67.263,117.695,144.767,223.231,21397.503,146.943,29945,0.9,2.581,58.495,99.327,32227.327,59.839,29943
2,method12,60.0,29970,479520,29969,6,10,7,3,13631488.0,38797312.0,1,16777216,1124236,499.5,3864.7,5.631,81.087,163.839,182.783,887.807,163.839,231884,44.639,80.447,96.447,180.223,14180.351,97.663,29970,0.95,45.343,56.863,83.903,14180.351,57.119,29969
3,master,60.013,29871,477936,29870,6,10,7,3,13631488.0,38797312.0,1,16777216,1377164,497.742155866229,1347.2,558.591,12058.623,19890.175,24723.455,42926.079,20070.399,80851,9.727,15.031,20.655,83.583,31539.199,21.759,29871,0.93,11.887,15.015,22.959,30392.319,15.351,29870
3,p1,60.01,29890,478240,29888,6,10,7,3,13631488.0,38797312.0,1,16777216,1460152,498.0836527245459,1538.8,260.351,10395.647,18202.623,22052.863,44138.495,18333.695,92345,9.447,14.087,18.927,48.127,30818.303,19.775,29890,0.95,12.447,15.655,21.711,29966.335,15.887,29888
3,method1,60.0,29960,479360,29959,6,11,6,4,10485760.0,38797312.0,1,16777216,1301244,499.3333333333333,3857.7,5.623,80.639,162.303,184.063,921.087,162.303,231465,61.439,102.143,131.711,217.471,10412.031,134.655,29960,1.01,64.831,81.087,129.855,11329.535,81.599,29959
3,method12,60.0,29977,479632,29975,6,10,7,3,13631488.0,38797312.0,1,16777216,1122828,499.6166666666667,3832.5,5.611,80.959,162.431,178.815,1304.575,162.431,229952,52.319,88.767,108.223,196.735,11730.943,109.375,29977,0.89,1.76,43.743,65.663,1790.975,43.743,29975
4,master,60.002,29869,477904,29868,6,10,7,3,13631488.0,38797312.0,1,16777216,1382976,497.80007333088895,1346.1,519.423,11960.319,20185.087,24969.215,46563.327,20316.159,80767,9.863,15.175,20.655,76.735,29884.415,22.447,29869,0.95,12.983,16.639,28.767,22118.399,16.767,29868
4,p1,60.005,29889,478224,29888,6,10,7,3,13631488.0,38797312.0,1,16777216,1508724,498.10849095908674,1551.3,182.399,10354.687,18137.087,22347.775,38961.151,18563.071,93086,9.471,14.655,20.351,71.167,31014.911,21.727,29889,0.96,12.367,16.087,23.759,17793.023,16.231,29888
4,method1,60.001,29946,479136,29946,6,11,6,4,10485760.0,38797312.0,1,16777216,1298564,499.09168180530327,3864.5,5.651,80.383,161.791,180.607,3280.895,161.791,231870,61.215,105.023,130.047,205.823,13352.959,131.711,29946,1.01,64.223,79.359,125.823,13361.151,79.807,29946
4,method12,60.001,29803,476848,29802,6,10,7,3,13631488.0,38797312.0,1,16777216,1123292,496.70838819353014,3876.4,5.551,79.999,162.175,180.479,3049.471,162.175,232587,46.303,82.047,99.903,174.207,16334.847,101.119,29803,0.96,45.791,57.343,91.263,14139.391,57.759,29802
5,master,60.013,29881,478096,29880,6,13,5,5,10485760.0,38797312.0,1,16777216,1393916,497.90878642960695,1360.5,550.399,12066.815,19808.255,24805.375,46497.791,20103.167,81651,9.855,14.991,20.271,82.431,34701.311,21.423,29881,0.96,12.751,16.063,23.471,21102.591,16.431,29880
5,p1,60.006,29830,477280,29829,6,12,6,4,13631488.0,38797312.0,1,16777216,1479852,497.11695497116955,1504.0,382.975,10485.759,18137.087,23019.519,51904.511,18628.607,90249,9.527,14.071,19.183,68.287,26607.615,19.935,29830,0.98,12.455,15.527,21.519,30654.463,15.927,29829
5,method1,60.001,29882,478112,29882,6,12,6,4,13631488.0,38797312.0,1,16777216,1296424,498.0250329161181,3856.1,5.631,80.511,161.663,178.303,6008.831,161.663,231368,61.375,120.895,145.279,206.975,10084.351,145.919,29882,0.95,54.495,69.823,103.295,11321.343,70.463,29882
5,method12,60.0,29861,477776,29860,6,11,6,4,10485760.0,38797312.0,1,16777216,1125036,497.68333333333334,3833.9,5.663,81.343,163.327,182.655,2238.463,163.327,230036,44.223,70.527,90.751,168.191,15138.815,91.775,29861,1.07,48.319,59.135,89.727,15073.279,59.711,29860
